{
    "employee": [
        {
            "id": 1,
            "name": "Thomas Mumford",
            "hrs": "11",
            "gender": "male",
            "driver": true,
            "email": "test1@gmail.com",
            "phoneNo": "781-234-5698"
        },
        {
            "id": 2,
            "name": "Lucas Florey",
            "hrs": "12",
            "gender": "male",
            "driver": true,

            "email": "test2@gmail.com",
            "phoneNo": "781-234-6989"
        },
        {
            "id": 3,
            "name": "Cody Cussen",
            "hrs": "13",
            "gender": "male",
            "driver": false,
            "email": "test3@gmail.com",
            "phoneNo": "781-456-5698"
        },
        {
            "id": 4,
            "name": "Thomas Gak",
            "hrs": "14",
            "gender": "male",
            "driver": true,
            "email": "test4@gmail.com",
            "phoneNo": "781-456-5698"
        },
        {
            "id": 5,
            "name": "Lucas Has",
            "hrs": "15",
            "gender": "male",
            "driver": false,
            "email": "test5@gmail.com",
            "phoneNo": "781-234-6989"
        },
        {
            "id": 6,
            "name": "Cody Husen",
            "hrs": "16",
            "gender": "male",
            "driver": true,
            "email": "test6@gmail.com",
            "phoneNo": "781-234-6989"
        }
    ]
}