{
  "jobs": [
      {
          "id": 1,
          "name": "Natasha Andrade",
          "address": "#4830 Hummingbird Way Cambridge, MA 22142",
          "email": "test1@gmail.com",
          "phoneNo": "781-234-5698"
      },
      {
          "id": 2,
          "name": "Dylan Plante",
          "address": "#2925 Fulton Street Parkersburg, WV 26101",
          "email": "test2@gmail.com",
          "phoneNo": "781-234-6989"
      },
      {
          "id": 3,
          "name": "Scarlett Harris",
          "address": "#1461 Snider street Manassa, CO 81141",
          "email": "test3@gmail.com",
          "phoneNo": "781-456-5698"
      },
      {
          "id": 4,
          "name": "Sophia Parkins",
          "address": "#3162 Austin Secret Lane Price, UT 84501",
          "email": "test4@gmail.com",
          "phoneNo": "781-456-5698"
      },
      {
          "id": 5,
          "name": "Claire Watts",
          "address": "#3715 Leisure Lane San Luis Obispo, CA 93401",
          "email": "test5@gmail.com",
          "phoneNo": "781-234-6989"
      },
      {
        "id": 6,
        "name": "Natasha Andrade",
        "address": "#4830 Hummingbird Way Cambridge, MA 22142",
        "email": "test1@gmail.com",
        "phoneNo": "781-234-5698"
    }
  ]
}